rank,source_type,sample_id,light_source_name,sigma_ev,absorption_unit,light_source_unit,absorbed_flux_unit,reference_concentration_molar,reference_path_cm,light_flux_total,td_method_basis,td_solvent,gaussian_lambda_max_nm,gaussian_molar_absorptivity_max,gaussian_absorptance_max,gaussian_absorbed_flux,gaussian_absorbed_fraction,gaussian_shape_overlap,lorentzian_lambda_max_nm,lorentzian_molar_absorptivity_max,lorentzian_absorptance_max,lorentzian_absorbed_flux,lorentzian_absorbed_fraction,lorentzian_shape_overlap,delta_absorbed_flux,delta_absorbed_fraction,delta_shape_overlap,abs_delta_absorbed_fraction
1,theoretical,3e_td,LEDB2,0.3,"absorptance (Beer-Lambert at c=1e-05 M, L=1 cm)",relative,relative_integral,1e-05,1.0,3185.4133673129318,b3lyp/6-31g,,541.7341734173417,32988.58201387445,0.5321418708397718,1317.7929612168618,0.41369606052996866,0.943916076115075,547.9147914791479,23651.107436067425,0.41991861954259113,1079.299658983204,0.3388256199520037,0.9582037226186065,238.49330223365791,0.07487044057796494,-0.014287646503531537,0.07487044057796494
2,theoretical,3e_td,LEDB3,0.3,"absorptance (Beer-Lambert at c=1e-05 M, L=1 cm)",relative,relative_integral,1e-05,1.0,3155.0429878235573,b3lyp/6-31g,,541.7341734173417,32988.58201387445,0.5321418708397718,1300.2963359459848,0.4121326843926675,0.9514098832820012,547.9147914791479,23651.107436067425,0.41991861954259113,1060.5485159401348,0.3361439194436247,0.9623919461404857,239.74782000584992,0.07598876494904278,-0.010982062858484576,0.07598876494904278
3,theoretical,3e_td,LEDB4,0.3,"absorptance (Beer-Lambert at c=1e-05 M, L=1 cm)",relative,relative_integral,1e-05,1.0,3131.547799407255,b3lyp/6-31g,,541.7341734173417,32988.58201387445,0.5321418708397718,1278.081073131293,0.40813078867044933,0.9374167216088671,547.9147914791479,23651.107436067425,0.41991861954259113,1042.6199543834935,0.33294077598970145,0.9485505689926109,235.46111874779945,0.07519001268074788,-0.011133847383743789,0.07519001268074788
4,theoretical,3e_td,CIEFL10,0.3,"absorptance (Beer-Lambert at c=1e-05 M, L=1 cm)",relative,relative_integral,1e-05,1.0,3074.7734784177183,b3lyp/6-31g,,541.7341734173417,32988.58201387445,0.5321418708397718,1232.2851414678414,0.4007726585771049,0.9663996933215354,547.9147914791479,23651.107436067425,0.41991861954259113,1009.3528794507425,0.3282690209654588,0.9802476217996446,222.93226201709888,0.07250363761164613,-0.013847928478109228,0.07250363761164613
5,theoretical,3e_td,AM15G,0.3,"absorptance (Beer-Lambert at c=1e-05 M, L=1 cm)",W m^-2 nm^-1,W m^-2,1e-05,1.0,589.120214277655,b3lyp/6-31g,,541.7341734173417,32988.58201387445,0.5321418708397718,195.1641202244114,0.3312806376262446,0.7173293031215805,547.9147914791479,23651.107436067425,0.41991861954259113,167.74014267849404,0.28472990505709816,0.8079591779275814,27.423977545917353,0.046550732569146436,-0.09062987480600093,0.046550732569146436
6,theoretical,3g_td,LEDB4,0.3,"absorptance (Beer-Lambert at c=1e-05 M, L=1 cm)",relative,relative_integral,1e-05,1.0,3131.547799407255,b3lyp/6-31g,,531.8331833183317,25704.33610506488,0.4467051358894837,1033.179650699566,0.3299261952492401,0.9535649444074964,536.8136813681368,18438.107898461698,0.34593799549030013,827.9729358776634,0.26439734882360205,0.9590761867938732,205.20671482190266,0.06552884642563805,-0.005511242386376791,0.06552884642563805
7,theoretical,3g_td,CIEFL10,0.3,"absorptance (Beer-Lambert at c=1e-05 M, L=1 cm)",relative,relative_integral,1e-05,1.0,3074.7734784177183,b3lyp/6-31g,,531.8331833183317,25704.33610506488,0.4467051358894837,1011.8252899688166,0.32907311614041335,0.9724484854323434,536.8136813681368,18438.107898461698,0.34593799549030013,809.6378833165371,0.26331626996248764,0.9798577108144662,202.1874066522795,0.06575684617792571,-0.007409225382122742,0.06575684617792571
8,theoretical,3g_td,LEDB3,0.3,"absorptance (Beer-Lambert at c=1e-05 M, L=1 cm)",relative,relative_integral,1e-05,1.0,3155.0429878235573,b3lyp/6-31g,,531.8331833183317,25704.33610506488,0.4467051358894837,1034.6684464779478,0.3279411565772969,0.9333186247085664,536.8136813681368,18438.107898461698,0.34593799549030013,831.9000920409798,0.26367314019225113,0.9492207094019836,202.76835443696802,0.06426801638504576,-0.01590208469341714,0.06426801638504576
9,theoretical,3g_td,LEDB2,0.3,"absorptance (Beer-Lambert at c=1e-05 M, L=1 cm)",relative,relative_integral,1e-05,1.0,3185.4133673129318,b3lyp/6-31g,,531.8331833183317,25704.33610506488,0.4467051358894837,1014.1147980471576,0.31836207145153606,0.887048930307912,536.8136813681368,18438.107898461698,0.34593799549030013,826.1952557672307,0.2593683018490536,0.9139590424256103,187.91954227992687,0.05899376960248248,-0.026910112117698337,0.05899376960248248
10,theoretical,4g_td,LEDB2,0.3,"absorptance (Beer-Lambert at c=1e-05 M, L=1 cm)",relative,relative_integral,1e-05,1.0,3185.4133673129318,b3lyp/6-31g,,800.0,31238.80564063707,0.5129069380768544,995.3014382549862,0.31245597462114527,0.7971337885571808,800.0,21810.560399222522,0.3948063033569803,829.5203101693506,0.2604121394985844,0.881500527080207,165.7811280856356,0.05204383512256089,-0.08436673852302623,0.05204383512256089
11,experimental,Rhodamine_B,CIEFL10,0.3,"absorbance proxy (user-provided signal, no Beer-Lambert)",relative,relative_integral,0.0,0.0,3008.8121915614956,,,542.0,0.0,0.9127510920144639,892.4717117342402,0.29661928193366915,0.5139172930324493,542.0,0.0,0.9127510920144639,892.4717117342402,0.29661928193366915,0.5139172930324493,0.0,0.0,0.0,0.0
12,experimental,Fluorescein,AM15G,0.3,"absorbance proxy (user-provided signal, no Beer-Lambert)",W m^-2 nm^-1,W m^-2,0.0,0.0,475.92496733305666,,,224.0,0.0,0.9998942695696258,131.9977400692832,0.27734989573873303,0.3535070820671439,224.0,0.0,0.9998942695696258,131.9977400692832,0.27734989573873303,0.3535070820671439,0.0,0.0,0.0,0.0
13,theoretical,4g_td,LEDB3,0.3,"absorptance (Beer-Lambert at c=1e-05 M, L=1 cm)",relative,relative_integral,1e-05,1.0,3155.0429878235573,b3lyp/6-31g,,800.0,31238.80564063707,0.5129069380768544,865.1001431827123,0.274195992422748,0.7152817275307217,800.0,21810.560399222522,0.3948063033569803,745.6257293109262,0.23632823140241302,0.8248141524003904,119.47441387178606,0.037867761020334983,-0.10953242486966863,0.037867761020334983
14,theoretical,4g_td,AM15G,0.3,"absorptance (Beer-Lambert at c=1e-05 M, L=1 cm)",W m^-2 nm^-1,W m^-2,1e-05,1.0,589.120214277655,b3lyp/6-31g,,800.0,31238.80564063707,0.5129069380768544,159.6831808152138,0.2710536439680788,0.5846119979005773,800.0,21810.560399222522,0.3948063033569803,134.20456982874114,0.22780506690522406,0.6618446224990249,25.47861098647266,0.04324857706285473,-0.0772326245984476,0.04324857706285473
15,experimental,Fluorescein,CIEFL10,0.3,"absorbance proxy (user-provided signal, no Beer-Lambert)",relative,relative_integral,0.0,0.0,3008.8121915614956,,,224.0,0.0,0.9998942695696258,814.126783869841,0.2705807913678156,0.3554126860997563,224.0,0.0,0.9998942695696258,814.126783869841,0.2705807913678156,0.3554126860997563,0.0,0.0,0.0,0.0
16,experimental,Fluorescein,LEDB4,0.3,"absorbance proxy (user-provided signal, no Beer-Lambert)",relative,relative_integral,0.0,0.0,3041.7712037889564,,,224.0,0.0,0.9998942695696258,783.9255466060235,0.25772008941025326,0.32673244442010846,224.0,0.0,0.9998942695696258,783.9255466060235,0.25772008941025326,0.32673244442010846,0.0,0.0,0.0,0.0
17,theoretical,4g_td,LEDB4,0.3,"absorptance (Beer-Lambert at c=1e-05 M, L=1 cm)",relative,relative_integral,1e-05,1.0,3131.547799407255,b3lyp/6-31g,,800.0,31238.80564063707,0.5129069380768544,797.730172933853,0.25473989989386364,0.7772674381000193,800.0,21810.560399222522,0.3948063033569803,702.0669399960465,0.22419167292574457,0.8622745743622758,95.66323293780658,0.03054822696811907,-0.08500713626225653,0.03054822696811907
18,experimental,Rhodamine_6G,CIEFL10,0.3,"absorbance proxy (user-provided signal, no Beer-Lambert)",relative,relative_integral,0.0,0.0,3008.8121915614956,,,529.0,0.0,0.9307340173133271,759.0172445074666,0.25226474641262214,0.5677069240780793,529.0,0.0,0.9307340173133271,759.0172445074666,0.25226474641262214,0.5677069240780793,0.0,0.0,0.0,0.0
19,theoretical,4c_td,LEDB2,0.3,"absorptance (Beer-Lambert at c=1e-05 M, L=1 cm)",relative,relative_integral,1e-05,1.0,3185.4133673129318,b3lyp/6-31g,,682.2682268226822,16066.975703562592,0.3092351295580885,801.4034579677772,0.25158538800375674,0.950305902253067,683.5883588358836,11851.443221021265,0.23882315638072338,608.3470064254684,0.19097898334577593,0.9340587298547331,193.05645154230876,0.06060640465798081,0.016247172398333842,0.06060640465798081
20,theoretical,3g_td,AM15G,0.3,"absorptance (Beer-Lambert at c=1e-05 M, L=1 cm)",W m^-2 nm^-1,W m^-2,1e-05,1.0,589.120214277655,b3lyp/6-31g,,531.8331833183317,25704.33610506488,0.4467051358894837,148.20149650366818,0.25156410001205654,0.6437253268490498,536.8136813681368,18438.107898461698,0.34593799549030013,129.20483998695119,0.2193182933730676,0.7572106837295302,18.996656516716996,0.03224580663898893,-0.11348535688048034,0.03224580663898893
21,experimental,Rhodamine_B,LEDB4,0.3,"absorbance proxy (user-provided signal, no Beer-Lambert)",relative,relative_integral,0.0,0.0,3041.7712037889564,,,542.0,0.0,0.9127510920144639,736.723728619867,0.2422022168209671,0.36143767427614615,542.0,0.0,0.9127510920144639,736.723728619867,0.2422022168209671,0.36143767427614615,0.0,0.0,0.0,0.0
22,theoretical,4c_td,LEDB3,0.3,"absorptance (Beer-Lambert at c=1e-05 M, L=1 cm)",relative,relative_integral,1e-05,1.0,3155.0429878235573,b3lyp/6-31g,,682.2682268226822,16066.975703562592,0.3092351295580885,757.7033994347767,0.24015628387918198,0.9492295600449867,683.5883588358836,11851.443221021265,0.23882315638072338,579.1646081246234,0.18356789760387654,0.9392845159994535,178.53879131015321,0.056588386275305436,0.009945044045533202,0.056588386275305436
23,theoretical,4g_td,CIEFL10,0.3,"absorptance (Beer-Lambert at c=1e-05 M, L=1 cm)",relative,relative_integral,1e-05,1.0,3074.7734784177183,b3lyp/6-31g,,800.0,31238.80564063707,0.5129069380768544,723.723433981091,0.23537455329994583,0.8774914774418061,800.0,21810.560399222522,0.3948063033569803,651.7465140573661,0.21196570044332358,0.9504424951709146,71.97691992372495,0.023408852856622253,-0.0729510177291085,0.023408852856622253
24,theoretical,4c_td,LEDB4,0.3,"absorptance (Beer-Lambert at c=1e-05 M, L=1 cm)",relative,relative_integral,1e-05,1.0,3131.547799407255,b3lyp/6-31g,,682.2682268226822,16066.975703562592,0.3092351295580885,733.1575881424905,0.23411987780651597,0.9643111906963994,683.5883588358836,11851.443221021265,0.23882315638072338,562.2065064201043,0.1795299137782664,0.9679241527672445,170.9510817223861,0.05458996402824956,-0.0036129620708451604,0.05458996402824956
25,theoretical,3f_td,LEDB2,0.3,"absorptance (Beer-Lambert at c=1e-05 M, L=1 cm)",relative,relative_integral,1e-05,1.0,3185.4133673129318,b3lyp/6-31g,,551.3351335133514,16569.638690867596,0.31718411952402836,738.2268801173557,0.23175230181823778,0.918451196524779,552.8952895289528,11997.340217637662,0.24137596541113648,584.1358785271857,0.18337835978252828,0.9374892832238393,154.09100159016998,0.048373942035709494,-0.019038086699060264,0.048373942035709494
26,theoretical,3f_td,LEDB3,0.3,"absorptance (Beer-Lambert at c=1e-05 M, L=1 cm)",relative,relative_integral,1e-05,1.0,3155.0429878235573,b3lyp/6-31g,,551.3351335133514,16569.638690867596,0.31718411952402836,718.6323300609674,0.22777259543988065,0.9162088752936258,552.8952895289528,11997.340217637662,0.24137596541113648,567.4014546820595,0.1798395320988859,0.9382442815905292,151.23087537890797,0.04793306334099476,-0.02203540629690337,0.04793306334099476
27,experimental,Rhodamine_B,LEDB3,0.3,"absorbance proxy (user-provided signal, no Beer-Lambert)",relative,relative_integral,0.0,0.0,3063.901565166622,,,542.0,0.0,0.9127510920144639,695.2414223443242,0.22691375932193678,0.33585875948789096,542.0,0.0,0.9127510920144639,695.2414223443242,0.22691375932193678,0.33585875948789096,0.0,0.0,0.0,0.0
28,theoretical,3f_td,LEDB4,0.3,"absorptance (Beer-Lambert at c=1e-05 M, L=1 cm)",relative,relative_integral,1e-05,1.0,3131.547799407255,b3lyp/6-31g,,551.3351335133514,16569.638690867596,0.31718411952402836,698.6574810865748,0.22310292731882234,0.8887820385615305,552.8952895289528,11997.340217637662,0.24137596541113648,554.137584209921,0.17695325752805344,0.9172484302992833,144.51989687665377,0.0461496697907689,-0.028466391737752783,0.0461496697907689
29,theoretical,4c_td,AM15G,0.3,"absorptance (Beer-Lambert at c=1e-05 M, L=1 cm)",W m^-2 nm^-1,W m^-2,1e-05,1.0,589.120214277655,b3lyp/6-31g,,682.2682268226822,16066.975703562592,0.3092351295580885,131.38293375208585,0.22301549084201766,0.7952110296884214,683.5883588358836,11851.443221021265,0.23882315638072338,102.38339825574035,0.17379033306687144,0.8299042955948821,28.9995354963455,0.04922515777514622,-0.03469326590646071,0.04922515777514622
30,theoretical,4c_td,CIEFL10,0.3,"absorptance (Beer-Lambert at c=1e-05 M, L=1 cm)",relative,relative_integral,1e-05,1.0,3074.7734784177183,b3lyp/6-31g,,682.2682268226822,16066.975703562592,0.3092351295580885,685.648093804692,0.2229914166416992,0.985237048937642,683.5883588358836,11851.443221021265,0.23882315638072338,528.413620809494,0.17185448766177605,0.9850963245818783,157.23447299519808,0.05113692897992314,0.00014072435576362174,0.05113692897992314
31,experimental,Fluorescein,LEDB3,0.3,"absorbance proxy (user-provided signal, no Beer-Lambert)",relative,relative_integral,0.0,0.0,3063.901565166622,,,224.0,0.0,0.9998942695696258,677.2092943944715,0.2210284109951957,0.27928166147006,224.0,0.0,0.9998942695696258,677.2092943944715,0.2210284109951957,0.27928166147006,0.0,0.0,0.0,0.0
32,theoretical,3f_td,CIEFL10,0.3,"absorptance (Beer-Lambert at c=1e-05 M, L=1 cm)",relative,relative_integral,1e-05,1.0,3074.7734784177183,b3lyp/6-31g,,551.3351335133514,16569.638690867596,0.31718411952402836,675.5605571725962,0.21971067524630802,0.9438503974432021,552.8952895289528,11997.340217637662,0.24137596541113648,536.4858672950521,0.17447980186531606,0.9695617184453854,139.07468987754407,0.045230873380991965,-0.02571132100218332,0.045230873380991965
33,experimental,Rhodamine_6G,LEDB4,0.3,"absorbance proxy (user-provided signal, no Beer-Lambert)",relative,relative_integral,0.0,0.0,3041.7712037889564,,,529.0,0.0,0.9307340173133271,654.366711284982,0.21512686768481326,0.31521911376659134,529.0,0.0,0.9307340173133271,654.366711284982,0.21512686768481326,0.31521911376659134,0.0,0.0,0.0,0.0
34,experimental,Rhodamine_6G,LEDB3,0.3,"absorbance proxy (user-provided signal, no Beer-Lambert)",relative,relative_integral,0.0,0.0,3063.901565166622,,,529.0,0.0,0.9307340173133271,627.1678526177893,0.20469582304733167,0.2967338089949421,529.0,0.0,0.9307340173133271,627.1678526177893,0.20469582304733167,0.2967338089949421,0.0,0.0,0.0,0.0
35,experimental,Rhodamine_6G,AM15G,0.3,"absorbance proxy (user-provided signal, no Beer-Lambert)",W m^-2 nm^-1,W m^-2,0.0,0.0,475.92496733305666,,,529.0,0.0,0.9307340173133271,93.34073446919658,0.19612489546881845,0.24638166381634433,529.0,0.0,0.9307340173133271,93.34073446919658,0.19612489546881845,0.24638166381634433,0.0,0.0,0.0,0.0
36,experimental,Rhodamine_B,AM15G,0.3,"absorbance proxy (user-provided signal, no Beer-Lambert)",W m^-2 nm^-1,W m^-2,0.0,0.0,475.92496733305666,,,542.0,0.0,0.9127510920144639,93.23927366980772,0.19591170892397838,0.24699568706344383,542.0,0.0,0.9127510920144639,93.23927366980772,0.19591170892397838,0.24699568706344383,0.0,0.0,0.0,0.0
37,experimental,Rhodamine_B,LEDB2,0.3,"absorbance proxy (user-provided signal, no Beer-Lambert)",relative,relative_integral,0.0,0.0,3037.509874299953,,,542.0,0.0,0.9127510920144639,586.9445946426193,0.19323216020092476,0.2862708878592347,542.0,0.0,0.9127510920144639,586.9445946426193,0.19323216020092476,0.2862708878592347,0.0,0.0,0.0,0.0
38,experimental,Eosin_Y,LEDB4,0.3,"absorbance proxy (user-provided signal, no Beer-Lambert)",relative,relative_integral,0.0,0.0,3041.7712037889564,,,524.0,0.0,0.9236076271515453,574.1321960545034,0.18874930347796723,0.28467488533314256,524.0,0.0,0.9236076271515453,574.1321960545034,0.18874930347796723,0.28467488533314256,0.0,0.0,0.0,0.0
39,experimental,Eosin_Y,CIEFL10,0.3,"absorbance proxy (user-provided signal, no Beer-Lambert)",relative,relative_integral,0.0,0.0,3008.8121915614956,,,524.0,0.0,0.9236076271515453,553.2842659534258,0.18388793674299944,0.5221730269476736,524.0,0.0,0.9236076271515453,553.2842659534258,0.18388793674299944,0.5221730269476736,0.0,0.0,0.0,0.0
40,experimental,Eosin_Y,LEDB3,0.3,"absorbance proxy (user-provided signal, no Beer-Lambert)",relative,relative_integral,0.0,0.0,3063.901565166622,,,524.0,0.0,0.9236076271515453,556.2256945259408,0.18154163333758797,0.27082255009576134,524.0,0.0,0.9236076271515453,556.2256945259408,0.18154163333758797,0.27082255009576134,0.0,0.0,0.0,0.0
41,experimental,Eosin_Y,AM15G,0.3,"absorbance proxy (user-provided signal, no Beer-Lambert)",W m^-2 nm^-1,W m^-2,0.0,0.0,475.92496733305666,,,524.0,0.0,0.9236076271515453,85.9346258352933,0.1805633907312021,0.22495230593813964,524.0,0.0,0.9236076271515453,85.9346258352933,0.1805633907312021,0.22495230593813964,0.0,0.0,0.0,0.0
42,experimental,Coumarin_6,CIEFL10,0.3,"absorbance proxy (user-provided signal, no Beer-Lambert)",relative,relative_integral,0.0,0.0,3008.8121915614956,,,456.0,0.0,0.7114042042645803,543.0902533582371,0.18049988459943966,0.36192731101677256,456.0,0.0,0.7114042042645803,543.0902533582371,0.18049988459943966,0.36192731101677256,0.0,0.0,0.0,0.0
43,experimental,Coumarin_6,LEDB4,0.3,"absorbance proxy (user-provided signal, no Beer-Lambert)",relative,relative_integral,0.0,0.0,3041.7712037889564,,,456.0,0.0,0.7114042042645803,530.2313734481843,0.17431665234640464,0.27549921135546135,456.0,0.0,0.7114042042645803,530.2313734481843,0.17431665234640464,0.27549921135546135,0.0,0.0,0.0,0.0
44,theoretical,3f_td,AM15G,0.3,"absorptance (Beer-Lambert at c=1e-05 M, L=1 cm)",W m^-2 nm^-1,W m^-2,1e-05,1.0,589.120214277655,b3lyp/6-31g,,551.3351335133514,16569.638690867596,0.31718411952402836,99.54478410385921,0.16897193763061627,0.6037617831939711,552.8952895289528,11997.340217637662,0.24137596541113648,86.1658661266109,0.14626194117657712,0.7180561231744245,13.37891797724832,0.02270999645403915,-0.11429433998045335,0.02270999645403915
45,experimental,Rhodamine_6G,LEDB2,0.3,"absorbance proxy (user-provided signal, no Beer-Lambert)",relative,relative_integral,0.0,0.0,3037.509874299953,,,529.0,0.0,0.9307340173133271,495.0388061151837,0.16297520883920552,0.24583399906011014,529.0,0.0,0.9307340173133271,495.0388061151837,0.16297520883920552,0.24583399906011014,0.0,0.0,0.0,0.0
46,experimental,Coumarin_6,AM15G,0.3,"absorbance proxy (user-provided signal, no Beer-Lambert)",W m^-2 nm^-1,W m^-2,0.0,0.0,475.92496733305666,,,456.0,0.0,0.7114042042645803,75.82550360493576,0.1593223907328072,0.2651767781496991,456.0,0.0,0.7114042042645803,75.82550360493576,0.1593223907328072,0.2651767781496991,0.0,0.0,0.0,0.0
47,experimental,Fluorescein,LEDB2,0.3,"absorbance proxy (user-provided signal, no Beer-Lambert)",relative,relative_integral,0.0,0.0,3037.509874299953,,,224.0,0.0,0.9998942695696258,431.0538398639197,0.14191026785164396,0.18890573973471017,224.0,0.0,0.9998942695696258,431.0538398639197,0.14191026785164396,0.18890573973471017,0.0,0.0,0.0,0.0
48,experimental,Eosin_Y,LEDB2,0.3,"absorbance proxy (user-provided signal, no Beer-Lambert)",relative,relative_integral,0.0,0.0,3037.509874299953,,,524.0,0.0,0.9236076271515453,426.51575967631675,0.14041625453962178,0.22196838838769722,524.0,0.0,0.9236076271515453,426.51575967631675,0.14041625453962178,0.22196838838769722,0.0,0.0,0.0,0.0
49,experimental,Coumarin_6,LEDB3,0.3,"absorbance proxy (user-provided signal, no Beer-Lambert)",relative,relative_integral,0.0,0.0,3063.901565166622,,,456.0,0.0,0.7114042042645803,404.23161136513863,0.13193361560985906,0.21211944337443453,456.0,0.0,0.7114042042645803,404.23161136513863,0.13193361560985906,0.21211944337443453,0.0,0.0,0.0,0.0
50,experimental,Coumarin_314,CIEFL10,0.3,"absorbance proxy (user-provided signal, no Beer-Lambert)",relative,relative_integral,0.0,0.0,3008.8121915614956,,,436.0,0.0,0.6574373575592655,355.14378635546103,0.11803454776987946,0.25550152218596744,436.0,0.0,0.6574373575592655,355.14378635546103,0.11803454776987946,0.25550152218596744,0.0,0.0,0.0,0.0
51,experimental,Coumarin_314,LEDB4,0.3,"absorbance proxy (user-provided signal, no Beer-Lambert)",relative,relative_integral,0.0,0.0,3041.7712037889564,,,436.0,0.0,0.6574373575592655,314.0736340365638,0.10325353650706558,0.18018879442335853,436.0,0.0,0.6574373575592655,314.0736340365638,0.10325353650706558,0.18018879442335853,0.0,0.0,0.0,0.0
52,experimental,Coumarin_314,AM15G,0.3,"absorbance proxy (user-provided signal, no Beer-Lambert)",W m^-2 nm^-1,W m^-2,0.0,0.0,475.92496733305666,,,436.0,0.0,0.6574373575592655,47.809580735485206,0.10045613072874915,0.1902295938643521,436.0,0.0,0.6574373575592655,47.809580735485206,0.10045613072874915,0.1902295938643521,0.0,0.0,0.0,0.0
53,experimental,Coumarin_6,LEDB2,0.3,"absorbance proxy (user-provided signal, no Beer-Lambert)",relative,relative_integral,0.0,0.0,3037.509874299953,,,456.0,0.0,0.7114042042645803,244.4411909225536,0.08047420454193234,0.13523294725806348,456.0,0.0,0.7114042042645803,244.4411909225536,0.08047420454193234,0.13523294725806348,0.0,0.0,0.0,0.0
54,experimental,Coumarin_314,LEDB3,0.3,"absorbance proxy (user-provided signal, no Beer-Lambert)",relative,relative_integral,0.0,0.0,3063.901565166622,,,436.0,0.0,0.6574373575592655,242.28867670824224,0.07907847936853221,0.14213937642150498,436.0,0.0,0.6574373575592655,242.28867670824224,0.07907847936853221,0.14213937642150498,0.0,0.0,0.0,0.0
55,experimental,Coumarin_314,LEDB2,0.3,"absorbance proxy (user-provided signal, no Beer-Lambert)",relative,relative_integral,0.0,0.0,3037.509874299953,,,436.0,0.0,0.6574373575592655,124.52838333390406,0.040996865355904,0.09073802324688933,436.0,0.0,0.6574373575592655,124.52838333390406,0.040996865355904,0.09073802324688933,0.0,0.0,0.0,0.0
56,experimental,Coumarin_1,AM15G,0.3,"absorbance proxy (user-provided signal, no Beer-Lambert)",W m^-2 nm^-1,W m^-2,0.0,0.0,475.92496733305666,,,376.0,0.0,0.41607105970082325,14.641438501486961,0.03076417399056257,0.10447496917096342,376.0,0.0,0.41607105970082325,14.641438501486961,0.03076417399056257,0.10447496917096342,0.0,0.0,0.0,0.0
57,experimental,Pyrene,AM15G,0.3,"absorbance proxy (user-provided signal, no Beer-Lambert)",W m^-2 nm^-1,W m^-2,0.0,0.0,475.92496733305666,,,241.0,0.0,0.8527687497567281,6.471192430580373,0.013597085412103992,0.029331671523281706,241.0,0.0,0.8527687497567281,6.471192430580373,0.013597085412103992,0.029331671523281706,0.0,0.0,0.0,0.0
58,experimental,Pyrene,CIEFL10,0.3,"absorbance proxy (user-provided signal, no Beer-Lambert)",relative,relative_integral,0.0,0.0,3008.8121915614956,,,241.0,0.0,0.8527687497567281,16.427432229061186,0.00545977322051988,0.09973258780837142,241.0,0.0,0.8527687497567281,16.427432229061186,0.00545977322051988,0.09973258780837142,0.0,0.0,0.0,0.0
59,experimental,Pyrene,LEDB3,0.3,"absorbance proxy (user-provided signal, no Beer-Lambert)",relative,relative_integral,0.0,0.0,3063.9015651666223,,,241.0,0.0,0.8527687497567281,16.15255200101371,0.005271889993024399,0.012468153771382,241.0,0.0,0.8527687497567281,16.15255200101371,0.005271889993024399,0.012468153771382,0.0,0.0,0.0,0.0
60,experimental,Pyrene,LEDB2,0.3,"absorbance proxy (user-provided signal, no Beer-Lambert)",relative,relative_integral,0.0,0.0,3037.5098742999526,,,241.0,0.0,0.8527687497567281,15.995710534118302,0.005266060423196087,0.012151272940399326,241.0,0.0,0.8527687497567281,15.995710534118302,0.005266060423196087,0.012151272940399326,0.0,0.0,0.0,0.0
61,experimental,Pyrene,LEDB4,0.3,"absorbance proxy (user-provided signal, no Beer-Lambert)",relative,relative_integral,0.0,0.0,3041.7712037889564,,,241.0,0.0,0.8527687497567281,15.999253225942038,0.005259847685457967,0.016582643510997554,241.0,0.0,0.8527687497567281,15.999253225942038,0.005259847685457967,0.016582643510997554,0.0,0.0,0.0,0.0
62,experimental,Coumarin_1,CIEFL10,0.3,"absorbance proxy (user-provided signal, no Beer-Lambert)",relative,relative_integral,0.0,0.0,3008.8121915614956,,,376.0,0.0,0.41607105970082325,11.654083756938086,0.0038733171148478754,0.03942717589370072,376.0,0.0,0.41607105970082325,11.654083756938086,0.0038733171148478754,0.03942717589370072,0.0,0.0,0.0,0.0
63,experimental,Coumarin_1,LEDB3,0.3,"absorbance proxy (user-provided signal, no Beer-Lambert)",relative,relative_integral,0.0,0.0,3063.901565166622,,,376.0,0.0,0.41607105970082325,0.5084284760832409,0.00016594151779010936,0.00255062932607473,376.0,0.0,0.41607105970082325,0.5084284760832409,0.00016594151779010936,0.00255062932607473,0.0,0.0,0.0,0.0
64,experimental,Coumarin_1,LEDB2,0.3,"absorbance proxy (user-provided signal, no Beer-Lambert)",relative,relative_integral,0.0,0.0,3037.509874299953,,,376.0,0.0,0.41607105970082325,0.43226757040484975,0.00014230984862377552,0.0016540901029524187,376.0,0.0,0.41607105970082325,0.43226757040484975,0.00014230984862377552,0.0016540901029524187,0.0,0.0,0.0,0.0
65,experimental,Coumarin_1,LEDB4,0.3,"absorbance proxy (user-provided signal, no Beer-Lambert)",relative,relative_integral,0.0,0.0,3041.7712037889564,,,376.0,0.0,0.41607105970082325,0.405198199451443,0.00013321126814098025,0.00274323496549957,376.0,0.0,0.41607105970082325,0.405198199451443,0.00013321126814098025,0.00274323496549957,0.0,0.0,0.0,0.0
