source_type,sample_id,light_source_name,plot_ms,gaussian_parse_tddft_ms,gaussian_broadening_ms,gaussian_light_source_ms,gaussian_integrals_ms,gaussian_total_sample_ms,lorentzian_parse_tddft_ms,lorentzian_broadening_ms,lorentzian_light_source_ms,lorentzian_integrals_ms,lorentzian_total_sample_ms,total_pair_ms,total_with_plot_ms
theoretical,3e_td,AM15G,1567.5443000000087,0.4941000006510876,0.6566000010934658,0.06769999890821055,1.600999996298924,2.828500000759959,0.4941000006510876,0.23720000172033906,0.04520000220509246,1.4976000020396896,10.719599995354656,13.548099996114615,1581.0923999961233
theoretical,3e_td,LEDB4,1441.708700003801,0.4941000006510876,0.6566000010934658,0.04030000127386302,1.4394999961950816,4.325599998992402,0.4941000006510876,0.23720000172033906,0.03840000135824084,1.4758000033907592,12.250399995537009,16.57599999452941,1458.2846999983303
theoretical,3e_td,LEDB2,1561.221400006616,0.4941000006510876,0.6566000010934658,0.039000005926936865,1.4544000005116686,5.831399997987319,0.4941000006510876,0.23720000172033906,0.037099998735357076,1.7076000003726222,14.002099997014739,19.833499995002057,1581.054900001618
theoretical,3e_td,LEDB3,1609.8127999939607,0.4941000006510876,0.6566000010934658,0.03819999983534217,1.4936000006855465,7.37210000079358,0.4941000006510876,0.23720000172033906,0.04099999932805076,1.6019999966374598,15.6591999984812,23.03129999927478,1632.8440999932354
theoretical,3e_td,CIEFL10,1430.1618000026792,0.4941000006510876,0.6566000010934658,0.03840000135824084,1.5120999960345216,8.93029999861028,0.4941000006510876,0.23720000172033906,0.04060000355821103,1.5725999983260408,17.28210000146646,26.21240000007674,1456.374200002756
theoretical,3f_td,AM15G,1608.6982000051648,0.47789999371161684,0.6030000004102476,0.04629999602911994,1.5036999975563958,2.637099998537451,0.47789999371161684,0.20229999790899456,0.045400003727991134,1.4506000006804243,10.275299995555542,12.912399994092993,1621.6105999992578
theoretical,3f_td,LEDB4,1380.457600003865,0.47789999371161684,0.6030000004102476,0.03789999755099416,1.4320000045699999,4.1186999951605685,0.47789999371161684,0.20229999790899456,0.036299999919719994,1.4750999980606139,11.794099998951424,15.912799994111992,1396.370399997977
theoretical,3f_td,LEDB2,1412.5399000040488,0.47789999371161684,0.6030000004102476,0.03619999915827066,1.4522999990731478,5.61559999914607,0.47789999371161684,0.20229999790899456,0.040899998566601425,1.5562999979010783,13.40619999973569,19.02179999888176,1431.5617000029306
theoretical,3f_td,LEDB3,1511.6826000012225,0.47789999371161684,0.6030000004102476,0.037099998735357076,1.4382000008481555,7.098199996107724,0.47789999371161684,0.20229999790899456,0.03760000254260376,1.7238000000361353,15.178199995716568,22.27639999182429,1533.9589999930467
theoretical,3f_td,CIEFL10,1454.839499994705,0.47789999371161684,0.6030000004102476,0.03659999492811039,1.4283999989856966,8.569699995859992,0.47789999371161684,0.20229999790899456,0.042400002712383866,1.4882999967085198,16.72569999936968,25.295399995229673,1480.1348999899346
theoretical,3g_td,AM15G,1658.1618999989587,0.4628999959095381,0.5907000013394281,0.044399996113497764,1.4578000045730732,2.561299996159505,0.4628999959095381,0.20809999841731042,0.044200001866556704,1.5916000047582202,10.394999997515697,12.956299993675202,1671.118199992634
theoretical,3g_td,LEDB4,1433.105100004468,0.4628999959095381,0.5907000013394281,0.03760000254260376,1.4566999961971305,4.066699999384582,0.4628999959095381,0.20809999841731042,0.03909999941242859,1.4499000026262365,11.894900002516806,15.961600001901388,1449.0667000063695
theoretical,3g_td,LEDB2,1519.8640000016894,0.4628999959095381,0.5907000013394281,0.0368999972124584,1.4503999991575256,5.562099999224301,0.4628999959095381,0.20809999841731042,0.03680000372696668,6.375500001013279,18.31829999719048,23.88039999641478,1543.7443999981042
theoretical,3g_td,LEDB3,1585.848700000497,0.4628999959095381,0.5907000013394281,0.03580000338843092,1.4463999978033826,7.052000000840053,0.4628999959095381,0.20809999841731042,0.04199999966658652,1.5392000059364364,19.912099996872712,26.964099997712765,1612.8127999982098
theoretical,3g_td,CIEFL10,1461.169999995036,0.4628999959095381,0.5907000013394281,0.03579999611247331,1.4497000011033379,8.54339999932563,0.4628999959095381,0.20809999841731042,0.03609999839682132,1.4164000021992251,21.372600000177044,29.915999999502674,1491.0859999945387
theoretical,4c_td,AM15G,1524.9642999988282,0.4654000003938563,0.5785999965155497,0.04470000567380339,1.4668000003439374,2.560799999628216,0.4654000003938563,0.20899999799439684,0.04419999459059909,1.4242000033846125,10.243899996567052,12.804699996195268,1537.7689999950235
theoretical,4c_td,LEDB4,1636.7871000038576,0.4654000003938563,0.5785999965155497,0.03680000372696668,1.4740999977220781,4.083200001332443,0.4654000003938563,0.20899999799439684,0.03510000533424318,1.4232999965315685,11.709300000802614,15.792500002135057,1652.5796000059927
theoretical,4c_td,LEDB2,1565.0679000027594,0.4654000003938563,0.5785999965155497,0.03550000110408291,1.4960999978939071,5.623899996862747,0.4654000003938563,0.20899999799439684,0.0354999938281253,1.4018000001669861,13.161499999114312,18.78539999597706,1583.8532999987365
theoretical,4c_td,LEDB3,1614.8252000057255,0.4654000003938563,0.5785999965155497,0.036299999919719994,1.4311999984784052,7.099800001014955,0.4654000003938563,0.20899999799439684,0.03590000414988026,1.462699998228345,14.666000002762303,21.765800003777258,1636.5910000095027
theoretical,4c_td,CIEFL10,1456.8685999984154,0.4654000003938563,0.5785999965155497,0.034500000765547156,1.4168000052450225,8.558300003642216,0.4654000003938563,0.20899999799439684,0.03680000372696668,1.4608000055886805,16.170199996849988,24.728500000492204,1481.5970999989077
theoretical,4g_td,AM15G,1649.7839000003296,0.46489999658660963,0.5912999986321665,0.04569999873638153,1.4931999976397492,2.60060000437079,0.46489999658660963,0.20729999960167333,0.04459999763639644,1.4857999995001592,10.675300000002608,13.275900004373398,1663.059800004703
theoretical,4g_td,LEDB4,1515.1767999996082,0.46489999658660963,0.5912999986321665,0.03749999450519681,1.607899997907225,4.256899999745656,0.46489999658660963,0.20729999960167333,0.03640000068116933,1.5378000025521033,12.256499998329673,16.51339999807533,1531.6901999976835
theoretical,4g_td,LEDB2,1499.931900005322,0.46489999658660963,0.5912999986321665,0.03730000025825575,1.5247999981511384,5.828000001201872,0.46489999658660963,0.20729999960167333,0.036499994166661054,1.4798000047449023,13.779499997326639,19.60749999852851,1519.5394000038505
theoretical,4g_td,LEDB3,2095.9225999977207,0.46489999658660963,0.5912999986321665,0.03740000101970509,1.5011000068625435,7.3737999991863035,0.46489999658660963,0.20729999960167333,0.03650000144261867,1.4719000027980655,15.294900003937073,22.668700003123377,2118.591300000844
theoretical,4g_td,CIEFL10,2087.5643999970634,0.46489999658660963,0.5912999986321665,0.0351999988197349,1.5089000007719733,8.924900001147762,0.46489999658660963,0.20729999960167333,0.03640000068116933,1.4291999978013337,16.76700000098208,25.69190000212984,2113.2562999991933
experimental,Coumarin_1,AM15G,1651.1322000005748,187.46480000118027,0.0,0.013500000932253897,0.18370000179857016,187.6743999964674,187.46480000118027,0.0,0.004800000169780105,0.10630000178935006,188.25519999518292,375.9295999916503,2027.0617999922251
experimental,Coumarin_1,LEDB4,1484.2777000012575,187.46480000118027,0.0,0.005699999746866524,0.11519999679876491,187.808299997414,187.46480000118027,0.0,0.0031000017770566046,0.09470000077271834,188.35659999604104,376.16489999345504,1860.4425999947125
experimental,Coumarin_1,LEDB2,1386.364699996193,187.46480000118027,0.0,0.0042000028770416975,0.09610000415705144,187.9149000014877,187.46480000118027,0.0,0.0033000032999552786,0.09370000043418258,188.45699999656063,376.3718999980483,1762.7365999942413
experimental,Coumarin_1,LEDB3,1472.0745999948122,187.46480000118027,0.0,0.0035000048228539526,0.0903999971342273,188.0130999998073,187.46480000118027,0.0,0.0030000010156072676,0.10479999764356762,188.56919999961974,376.58229999942705,1848.6568999942392
experimental,Coumarin_1,CIEFL10,1370.8060999997542,187.46480000118027,0.0,0.0032999960239976645,0.11920000542886555,188.13979999686126,187.46480000118027,0.0,0.0032000025385059416,0.09809999755816534,188.6744000003091,376.81419999717036,1747.6202999969246
experimental,Coumarin_6,AM15G,1432.1310999948764,36.946200001693796,0.0,0.011199997970834374,0.15749999874969944,37.1171000006143,36.946200001693796,0.0,0.004399997123982757,0.11049999739043415,37.67369999695802,74.79079999757232,1506.9218999924487
experimental,Coumarin_6,LEDB4,1422.2853000028408,36.946200001693796,0.0,0.005000001692678779,0.10520000068936497,37.23870000249008,36.946200001693796,0.0,0.0032999960239976645,0.10000000474974513,37.78060000331607,75.01930000580614,1497.304600008647
experimental,Coumarin_6,LEDB2,1379.047200003697,36.946200001693796,0.0,0.0036999990697950125,0.09590000263415277,37.34380000241799,36.946200001693796,0.0,0.0029000002541579306,0.16999999934341758,37.95689999969909,75.30070000211708,1454.3479000058142
experimental,Coumarin_6,LEDB3,1402.8832999974838,36.946200001693796,0.0,0.0035999983083456755,0.10409999958937988,37.45619999972405,36.946200001693796,0.0,0.005500005499925464,0.1021999996737577,38.07010000309674,75.52630000282079,1478.4096000003046
experimental,Coumarin_6,CIEFL10,1461.1644000033266,36.946200001693796,0.0,0.0036000055843032897,0.09170000703306869,37.5551999968593,36.946200001693796,0.0,0.0035000048228539526,0.09649999992689118,38.17410000192467,75.72929999878397,1536.8937000021106
experimental,Coumarin_314,AM15G,1401.9868999967002,27.791699998488184,0.0,0.009800001862458885,0.1618999958736822,27.965100001893006,27.791699998488184,0.0,0.004399997123982757,0.11380000069038942,28.530800002044998,56.495900003938004,1458.4828000006382
experimental,Coumarin_314,LEDB4,1451.692800001183,27.791699998488184,0.0,0.005800000508315861,0.10450000263517722,28.08750000258442,27.791699998488184,0.0,0.0033000032999552786,0.10299999848939478,28.640800002904143,56.72830000548856,1508.4211000066716
experimental,Coumarin_314,LEDB2,1439.7547999978997,27.791699998488184,0.0,0.0034999975468963385,0.10290000500390306,28.19889999955194,27.791699998488184,0.0,0.0034999975468963385,0.09770000178832561,28.746800002409145,56.945700001961086,1496.7004999998608
experimental,Coumarin_314,LEDB3,1371.4840999964508,27.791699998488184,0.0,0.0031000017770566046,0.10080000356538221,28.306800006248523,27.791699998488184,0.0,0.0030000010156072676,0.09289999434258789,28.846000001067296,57.15280000731582,1428.6369000037666
experimental,Coumarin_314,CIEFL10,1426.6328000012436,27.791699998488184,0.0,0.0031000017770566046,0.09539999882690609,28.40880000439938,27.791699998488184,0.0,0.0033999967854470015,0.11610000365180895,28.968700004043058,57.37750000844244,1484.010300009686
experimental,Fluorescein,AM15G,1437.223200002336,29.139499994926155,0.0,0.01309999788645655,0.18009999621426687,29.334799997741356,29.139499994926155,0.0,0.005000001692678779,0.1038999980664812,29.932899997220375,59.26769999496173,1496.4908999972977
experimental,Fluorescein,LEDB4,1599.7838999974192,29.139499994926155,0.0,0.005999994755256921,0.10869999823626131,29.463599996233825,29.139499994926155,0.0,0.0035000048228539526,0.10949999705189839,30.04969999892637,59.513299995160196,1659.2971999925794
experimental,Fluorescein,LEDB2,1477.1736999973655,29.139499994926155,0.0,0.0043000036384910345,0.1021999996737577,29.57590000005439,29.139499994926155,0.0,0.0032000025385059416,0.3369999976712279,30.39419999549864,59.97009999555303,1537.1437999929185
experimental,Fluorescein,LEDB3,1507.4020000029122,29.139499994926155,0.0,0.0043000036384910345,0.1294999965466559,29.71409999736352,29.139499994926155,0.0,0.017400001524947584,0.18249999993713573,30.611800000770018,60.325899998133536,1567.7279000010458
experimental,Fluorescein,CIEFL10,1622.0917999962694,29.139499994926155,0.0,0.0036999990697950125,0.09780000254977494,29.81970000109868,29.139499994926155,0.0,0.005800000508315861,0.12140000035287812,30.74699999706354,60.56669999816222,1682.6584999944316
experimental,Rhodamine_B,AM15G,1607.9406999997445,30.99569999903906,0.0,0.011500000255182385,0.18850000196835026,31.198299999232404,30.99569999903906,0.0,0.0047000066842883825,0.14489999739453197,31.875000000582077,63.07329999981448,1671.013999999559
experimental,Rhodamine_B,LEDB4,1367.0238999984576,30.99569999903906,0.0,0.013100005162414163,0.16849999519763514,31.396999998833053,30.99569999903906,0.0,0.0037999998312443495,0.1005000012810342,31.98320000228705,63.3802000011201,1430.4040999995777
experimental,Rhodamine_B,LEDB2,1503.9732000004733,30.99569999903906,0.0,0.005699999746866524,0.09889999637380242,31.51169999910053,30.99569999903906,0.0,0.0030000010156072676,0.09580000187270343,32.08540000196081,63.597100001061335,1567.5703000015346
experimental,Rhodamine_B,LEDB3,1446.4999999981956,30.99569999903906,0.0,0.0042000028770416975,0.09839999984251335,31.618900000466965,30.99569999903906,0.0,0.0030000010156072676,0.10299999848939478,32.19459999672836,63.81349999719532,1510.3134999953909
experimental,Rhodamine_B,CIEFL10,1482.020100003865,30.99569999903906,0.0,0.0036999990697950125,0.09529999806545675,31.72169999743346,30.99569999903906,0.0,0.0032000025385059416,0.09549999958835542,32.29719999944791,64.01889999688137,1546.0390000007465
experimental,Rhodamine_6G,AM15G,1452.5781999982428,28.56199999951059,0.0,0.012100004823878407,0.16529999993508682,28.741699999955017,28.56199999951059,0.0,0.004699999408330768,0.09380000119563192,29.32439999858616,58.066099998541176,1510.644299996784
experimental,Rhodamine_6G,LEDB4,1447.432500004652,28.56199999951059,0.0,0.006000002031214535,0.12040000001434237,28.880899997602683,28.56199999951059,0.0,0.0030000010156072676,0.09510000381851569,29.42579999944428,58.30669999704696,1505.739200001699
experimental,Rhodamine_6G,LEDB2,1715.1535999946645,28.56199999951059,0.0,0.0041000021155923605,0.09789999603526667,28.989399994316045,28.56199999951059,0.0,0.0030999945010989904,0.09790000331122428,29.52989999903366,58.519299993349705,1773.6728999880143
experimental,Rhodamine_6G,LEDB3,1533.8321000017459,28.56199999951059,0.0,0.0034999975468963385,0.11690000246744603,29.114199998730328,28.56199999951059,0.0,0.0032000025385059416,0.09219999628840014,29.62889999616891,58.74309999489924,1592.575199996645
experimental,Rhodamine_6G,CIEFL10,1587.6544000057038,28.56199999951059,0.0,0.0034999975468963385,0.10040000051958486,29.222099998150952,28.56199999951059,0.0,0.0029000002541579306,0.10630000178935006,29.741299993474968,58.96339999162592,1646.6177999973297
experimental,Eosin_Y,AM15G,1535.866599995643,28.853100004198495,0.0,0.011000003723893315,0.17700000171316788,29.043099995760713,28.853100004198495,0.0,0.0046000059228390455,0.11169999925186858,29.63900000031572,58.68209999607643,1594.5486999917193
experimental,Eosin_Y,LEDB4,1410.9383999966667,28.853100004198495,0.0,0.005400004738476127,0.10310000652680174,29.16229999391362,28.853100004198495,0.0,0.0034999975468963385,0.09890000364976004,29.745799998636357,58.90809999254998,1469.8464999892167
experimental,Eosin_Y,LEDB2,1607.2191999992356,28.853100004198495,0.0,0.0039000005926936865,0.12749999586958438,29.299199995875824,28.853100004198495,0.0,0.0031000017770566046,0.0996999951894395,29.85229999467265,59.15149999054847,1666.370699989784
experimental,Eosin_Y,LEDB3,1488.543399995251,28.853100004198495,0.0,0.0034999975468963385,0.10279999696649611,29.409999995550606,28.853100004198495,0.0,0.0030000010156072676,0.09480000153416768,29.95329999976093,59.363299995311536,1547.9066999905626
experimental,Eosin_Y,CIEFL10,1592.3240000047372,28.853100004198495,0.0,0.0030999945010989904,0.1021999996737577,29.518799994548317,28.853100004198495,0.0,0.0030000010156072676,0.09750000026542693,30.056999996304512,59.57579999085283,1651.89979999559
experimental,Pyrene,AM15G,1520.7252000036533,64.05679999443237,0.0,0.011800002539530396,0.18069999350700527,64.25119999767048,64.05679999443237,0.0,0.0046000059228390455,0.1078000059351325,64.87669999478385,129.12789999245433,1649.8530999961076
experimental,Pyrene,LEDB4,1406.1724000057438,64.05679999443237,0.0,0.006299997039604932,0.11390000145183876,64.3835000009858,64.05679999443237,0.0,0.0032999960239976645,0.11250000534346327,64.99610000173561,129.37960000272142,1535.5520000084653
experimental,Pyrene,LEDB2,1592.0750000004773,64.05679999443237,0.0,0.0038999933167360723,0.10480000491952524,64.50200000108453,64.05679999443237,0.0,0.0033000032999552786,0.12590000551426783,65.12890000158222,129.63090000266675,1721.705900003144
experimental,Pyrene,LEDB3,1433.628699996916,64.05679999443237,0.0,0.0042000028770416975,0.09989999671233818,64.63629999780096,64.05679999443237,0.0,0.0037999998312443495,0.11789999553002417,65.25529999635182,129.89159999415278,1563.520299991069
experimental,Pyrene,CIEFL10,1438.332799996715,64.05679999443237,0.0,0.0032000025385059416,0.11709999671438709,64.7603999968851,64.05679999443237,0.0,0.0035999983083456755,0.1049999991664663,65.36760000017239,130.1279999970575,1568.4607999937725
